{
	"name" 		: "ColdBox i18n Support",
	"version"	: "1.2.0+00007",
	"author" 	: "Luis Majano <lmajano@ortussolutions.com",
	"slug"		: "cbi18n",
	"type"		: "modules",
	"homepage"	: "https://github.com/ColdBox/cbox-i18n",
	"documentation"		: "https://github.com/ColdBox/cbox-i18n/wiki",
	"repository"		: { "type" : "git", "url" : "https://github.com/ColdBox/cbox-i18n" },
	"shortDescription"	: "This module will enhance your ColdBox applications with i18n capabilities, resource bundles and localization.",
	"license"			: [ 
		{ "type" : "Apache2", "url" : "http://www.apache.org/licenses/LICENSE-2.0.html" } 
	],
	"contributors"		: [
		"Brad Wood <bdw429s@gmail.com>", "Curt Gratz <gratz@computerknowhow.com>"
	],
	"engines"	: [
		{ "type" : "lucee", "version" : ">4.5" },
		{ "type" : "adobe", "version" : ">9.02" }
	],
	"ignore":[
        "**/.*",
        "tests",
        "apidocs",
        "*/.md"
    ]
}