{
    "name":"ColdBox Validation",
    "author":"Luis Majano <lmajano@ortussolutions.com",
    "version":"1.0.3",
    "slug":"cbvalidation",
    "type":"modules",
    "homepage":"http://www.coldbox.org",
    "documentation":"http://wiki.coldbox.org/wiki/Validation.cfm",
    "repository":{
        "type":"git",
        "url":"https://github.com/ColdBox/cbox-validation"
    },
    "shortDescription":"This module provides server side validation to ColdBox applications",
    "license":[
        {
            "type":"Apache2",
            "url":"http://www.apache.org/licenses/LICENSE-2.0.html"
        }
    ],
    "contributors":[
        "Brad Wood <bdw429s@gmail.com>",
        "Curt Gratz <gratz@computerknowhow.com>"
    ],
    "engines":[
        {
            "type":"railo",
            "version":">4.1"
        },
        {
            "type":"lucee",
            "version":">4.5"
        },
        {
            "type":"adobe",
            "version":">9.02"
        }
    ],
    "dependencies":{
        "cbi18n":"1.1.0"
    },
    "ignore":[
        "**/.*",
        "test",
        "tests",
        "apidocs",
        "*/.md"
    ],
    "installPaths":{
        "cbi18n":"modules/cbi18n"
    }
}