{
    "name":"JavaLoader",
    "version":"1.3.0+00007",
    "location":"http://downloads.ortussolutions.com.s3.amazonaws.com/ortussolutions/coldbox-modules/cbjavaloader/1.3.0/cbjavaloader-1.3.0.zip",
    "author":"Ortus Solutions.com <info@ortussolutions.com",
    "slug":"cbjavaloader",
    "type":"modules",
    "homepage":"https://github.com/ColdBox/cbox-javaloader",
    "documentation":"https://github.com/ColdBox/cbox-javaloader",
    "repository":{
        "type":"git",
        "url":"https://github.com/ColdBox/cbox-javaloader"
    },
    "shortDescription":"A module to class load, compile and do much more with Java",
    "license":[
        {
            "type":"Apache2",
            "url":"http://www.apache.org/licenses/LICENSE-2.0.html"
        }
    ],
    "contributors":[
        "Brad Wood <bdw429s@gmail.com>",
        "Curt Gratz <gratz@computerknowhow.com>"
    ],
    "ignore":[
        "**/.*",
        "tests"
    ]
}