{
	"name" 		: "CBFeeds",
	"author" 	: "Luis Majano <lmajano@ortussolutions.com",
	"version"	: "1.0.1",
	"slug"		: "cbfeeds",
	"type"		: "modules",
	"homepage"	: "http://www.coldbox.org",
	"documentation"		: "http://wiki.coldbox.org",
	"repository"		: { "type" : "git", "url" : "https://github.com/ColdBox/cbox-feeds" },
	"shortDescription"	: "A nice way to consume and produce RSS,ATOM feeds the ColdBox way!",
	"license"			: [ 
		{ "type" : "Apache2", "url" : "http://www.apache.org/licenses/LICENSE-2.0.html" } 
	],
	"contributors"		: [
		"Brad Wood <bdw429s@gmail.com>", "Curt Gratz <gratz@computerknowhow.com>"
	],
	"engines"	: [
		{ "type" : "railo", "version" : ">4.1" },
		{ "type" : "adobe", "version" : ">9.02" }
	],
	"ignore" : [ ]
}