{
	"name" 		: "ColdBox Security",
	"author" 	: "Luis Majano <lmajano@ortussolutions.com>",
	"version"	: "1.2.0",
	"slug"		: "cbsecurity",
	"type"		: "modules",
	"homepage"	: "https://github.com/ColdBox/cbox-security",
	"documentation"		: "https://github.com/ColdBox/cbox-security/wiki",
	"repository"		: { "type" : "git", "url" : "https://github.com/ColdBox/cbox-security" },
	"shortDescription"	: "This module provides a security rule engine for ColdBox Apps",
	"license"			: [ 
		{ "type" : "Apache2", "url" : "http://www.apache.org/licenses/LICENSE-2.0.html" } 
	],
	"contributors"		: [
		"Brad Wood <bdw429s@gmail.com>", "Curt Gratz <gratz@computerknowhow.com>"
	],
	"engines"	: [
		{ "type" : "lucee", "version" : ">4.5" },
		{ "type" : "adobe", "version" : ">9.02" }
	]
}