{
	"name" 		: "JavaLoader",
	"version"	: "1.1.0+00002",
	"author" 	: "Ortus Solutions.com <info@ortussolutions.com",
	"slug"		: "cbjavaloader",
	"type"		: "modules",
	"homepage"	: "https://github.com/ColdBox/cbox-javaloader",
	"documentation"		: "https://github.com/ColdBox/cbox-javaloader",
	"repository"		: { "type" : "git", "url" : "https://github.com/ColdBox/cbox-javaloader" },
	"shortDescription"	: "A module to class load, compile and do much more with Java",
	"license"			: [ 
		{ "type" : "Apache2", "url" : "http://www.apache.org/licenses/LICENSE-2.0.html" } 
	],
	"contributors"		: [
		"Brad Wood <bdw429s@gmail.com>", "Curt Gratz <gratz@computerknowhow.com>"
	],
	"engines"	: [
		{ "type" : "lucee", "version" : ">4.5" },
		{ "type" : "adobe", "version" : ">9.02" }
	],
	"ignore":[
        "**/.*",
        "tests",
        "*/.md"
    ]
}