{
	"name" 		: "ColdBox Mail Services",
	"author" 	: "Luis Majano <lmajano@ortussolutions.com",
	"version"	: "1.1.0",
	"slug"		: "cbmailservices",
	"type"		: "modules",
	"homepage"	: "https://github.com/ColdBox/cbox-mailservices",
	"documentation"		: "https://github.com/ColdBox/cbox-mailservices/wiki",
	"repository"		: { "type" : "git", "url" : "https://github.com/ColdBox/cbox-mailservices" },
	"shortDescription"	: "The ColdBox Mail services module will allow you to send email the OO way in multiple protocols",
	"license"			: [ 
		{ "type" : "Apache2", "url" : "http://www.apache.org/licenses/LICENSE-2.0.html" } 
	],
	"contributors"		: [
		"Brad Wood <bdw429s@gmail.com>", "Curt Gratz <gratz@computerknowhow.com>"
	],
	"engines"	: [
		{ "type" : "lucee", "version" : ">4.5" },
		{ "type" : "adobe", "version" : ">9.02" }
	]
}